{"MarcoPaG4dV4qit3ZPGPFm4qt4KKNBKvAsm2rPGNF72":1249935.0967960015,"EPjFWdd5AufqSSqeM2qN1xzybapC8G4wEGGkZwyTDt1v":944899.1138079189,"So11111111111111111111111111111111111111112":24881.069942063878,"DezXAZ8z7PnrnRJjz3wXBoRgixCa6xjnB7YaB1pPB263":130996624139.03958,"FbQYjLEq1vNCszmxmxZDoFiy9fgyfdPxzt9Fu5zk5jJ4":0.3057067399999993,"Ao94rg8D6oK2TAq3nm8YEQxfS73vZ2GWYw2AKaUihDEY":903166.8225296995,"Dq67iQcBYtYgbYpmE2FTuM9JJhgcwUogfCQdt7MHHTMW":377530076,"5yxNbU8DgYJZNi3mPD9rs4XLh9ckXrhPjJ5VCujUWg5H":12349784711.700958,"APDFRM3HMr8CAGXwKHiu2f5ePSpaiEJhaURwhsRrUUt9":0.8225770000000004,"mSoLzYCxHdYgdzU16g5QSh3i5K3z3KZK7ytfqcJm7So":1026.502210962,"BKq1HN9expTKLvjkpnvcbHvsHukTUecdHyUZF7H2p2jr":0.007487885000000003,"DUSTawucrTsGU8hcqRdHDCbuYhCPADMLM2VcCb8VnFnQ":577970.9750421403,"4k3Dyjzvzp8eMZWUXbBCjEvwSkkk59S5iCNLY3QrkX6R":2298.8632220000004,"HUpvKUafPCMwhua6QtHXk1V8D6LZYyQmUKYPFZgRiiiX":0.00005299999999999996,"5kimD5W6yJpHRHCyPtnEyDsQRdiiJKivu5AqN3si82Jc":0.020014,"4CuuyBmdbYFUfXh2EHdJ7o2ZT246MR6xVU9vQD1yvDbx":0.028233638000000023,"SRMuApVNdxXokk5GT7XD5cUUgXMBCoAz2LHeuAoKWRt":702.2535550000001,"Es9vMFrzaCERmJfrF4H2FYD4KCoNkY11McCe8BenwNYB":25867.82998700004,"2e6NAJy1qaKMq8PaswP2uzimMDvbr71Tbw38G6q9SNZ2":0.16769424999999977,"FoRGERiW7odcCBGU1bztZi16osPBHjxharvDathL5eds":25996.55988274405,"7ftKSttU6yUAnWsWxpRP3LKdQNEto8V4KD9NuWttoVnV":5573.628178000001,"DpG72eR3jb7wPuoHk13J8y84FXViQ55G3x2gCLcsZond":70278,"2FPyTwcZLUg1MDrwsyoP4D6s1tM7hAkHYRjkNb5w6Pxk":0.011775999999999998,"3e1W6Aqcbuk2DfHUwRiRcyzpyYRRjg6yhZZcyEARydUX":0.00362,"HovGjrBGTfna4dvg6exkMxXuexB3tUfEZKcut8AWowXj":41000,"q4bpaRKw3fJB1AJBeeBaKv3TjYzWsmntLgnSB275YUb":25.744813449,"7dHbWXmci3dT8UFYWYZweBLXgycu7Y3iL6trKn1Y7ARj":352.66228787999995,"2bykZULRJwHikmUzDFvQLvoMZWMmbrJR1ivCAwtPuXpG":0.014604130999999985,"H1G6sZ1WDoMmMCFqBKAbg9gkQPCo1sKQtaJWz9dHmqZr":78.01681342800002,"PhiLR4JDZB9z92rYT5xBXKCxmq4pGB1LYjtybii7aiS":6281.72473,"3yeGqnYLXya7zPbTkEt2d84F489eV9mNia4WQHY3JefA":260660.986364,"29cdoMgu6MS2VXpcMo1sqRdWEzdUR9tjvoh8fcK8Z87R":0.09394500000000001,"HfkJfTEVBv6xFDN2NGbsn3sxbooJDHDcfRoAT422P9Rq":0.009664302,"8PSfyiTVwPb6Rr2iZ8F3kNpbg65BCfJM9v8LfB916r44":0.016914,"ATLASXmbPQxBUYbxPsV97usA3fPQYEqzQBUHgiFCUsXx":6825.167614119999,"CCJ73enCHai27dS79uhqMYMGoehVQsP1YECyDq9xvyt9":4854,"EZun6G5514FeqYtUv26cBHWLqXjAEdjGuoX6ThBpBtKj":2666.8832260000027,"3RpEekjLE5cdcG15YcXJUpxSepemvq2FpmMcgo342BwC":2964.032916,"USDH1SM1ojwWUga67PGrgFWUHibbjqMvuMaDkRJTgkX":10901.899184000007,"BRchiwrv9yCr4jAi6xF4epQdtNtmJH93rrerpHpMhK1Z":0.026629953000000033,"CRYPTi2V87Tu6aLc9gSwXM1wSLc6rjZh3TGC4GDRCecq":1582.4818176560002,"Doggoyb1uHFJGFdHhJf8FKEBUMv58qo98CisWgeD7Ftk":30679981856.079712,"Frwr9CbvEXLorsVB4q652tqxaMSER94FNrt1MiLfLkkY":1119.3499999999972,"3WzrkFYq4SayCrhBw8BgsPiTVKTDjyV6wRqP7HL9Eyyw":0.057096571000000165,"4Ey8qcUD4xMUtKKXt67WQ7pJdw6mEQbWMHLrSwvuk4xj":642.8500000000001,"HZRCwxP2Vq9PCpPXooayhJ2bxTpo5xfpQrwB1svh332p":5.84473175,"74B9aMS7SA832xKngt5VLKmWAP3pa3qkUzWncTmQSsGF":0.019391,"5kvBykCa3dTU2HVpikGuZ5gsuqrf7L1ywrdMBozh8Hj8":2572578.72,"BABYsocP6cB95xvBDXnjXKX96VBNC37dmNWUtaV9Jk6v":316580310.02,"FfpyoV365c7iR8QQg5NHGCXQfahbqzY67B3wpzXkiLXr":3994797396.784598,"68tLCtW4FmEaL3vxUAFbh8UQJes4hGRYyDSVvPiczXyg":14507361733.697342,"H37kHxy82uLoF8t86wK414KzpVJy7uVJ9Kvt5wYsTGPh":1517,"bSo13r4TkiE4KumL71LsHTPpL2euBYLFx6h9HP3piy1":5186.55966907,"EsPKhGTMf3bGoy4Qm7pCv3UCcWqAmbC1UGHBTDxRjjD4":118.49166446699996,"Gpzd833qSmv3kXpQmxEaqkrZTXZaRjhNAoqhf61qAhTG":0.00628,"2o83TXtZrgzub691p3tKnyFC67qVnQN8yCCW925WuBs6":508,"SENBBKVCM7homnf5RX9zqpf1GFe935hnbU4uVzY1Y6M":26908.072269377,"C98A4nkJXhpVZNAZdHUA95RpTF3T4whtQubL3YobiUX9":704.2582460000001,"9ZEHRpiBkpUxbVRETfyvVcoDNPn9CF5Rny6fNH1XKtNP":31.52,"HVUeNVH93PAFwJ67ENJwPWFU9cWcM57HEAmkFLFTcZkj":294074.16,"FZN7QZ8ZUUAxMPfxYEYkH3cXUASzH8EqA6B4tyCL8f1j":0.642280096,"kinXdEcpDQeHPEuQnqmUgtYykqKGVFq6CeVX5iAHJq6":35225708.61602002,"Ea5SjE2Y6yvCeW5dYTn7PYMuW5ikXkvbGdcmSnXeaLjS":2248.774703,"iin7tpvFQ1f3GSUuNcqxsFKNE8gHk3xCYs5Fm5UPh8T":0.012135228999999999,"6naWDMGNWwqffJnnXFLBCLaYu1y5U9Rohe5wwJPHvf1p":27140.929000000222,"PRT88RkA4Kg5z7pKnezeNH4mafTvtQdfFgpQTGRjz44":347.988479,"6jCERp5hKj37PCXP3VTjCDJeoPuSpnMDMz5A6jWQv3yS":0.000277,"5zrskpWuxLzumWtUGDPcAMwTrGuZbP45iig6QBZ1DTaM":73580.60775819198,"7kbnvuGBxxj8AG9qp8Scn56muWGaRaFqxg1FsRp3PaFT":1977.0559710000025,"Afe5fiLmbKw7aBi1VgWZb9hEY8nRYtib6LNr5RGUJibP":280.66275699999994,"A3HyGZqe451CBesNqieNPfJ4A9Mu332ui8ni6dobVSLB":2640.42569,"7vfCXTUXx5WJV5JADk17DUJ4ksgau7utNKj4b963voxs":0.8220042700000038,"8FxRyaE8X6ENLmNbaBvgS6vMsN1GJ8J7CmKy8K8uN6wM":0.04763366200000009,"HBB111SCo9jkCejsZfz8Ec8nH7T6THF8KEKSnvwT6XK6":655.346804,"FkKzu2HeMJZf4oHwoYPxLGVy3net5Jq8HAfnA5VqETgk":0.074101,"RLBxxFkseAZ4RgJH3Sqn8jXxhmGoz9jWxDNJMh8pL7a":55845.00000000002,"E9e9UPZvzLCtPNWimJk8T7JDKX6hvHWGe2ZTY1848bQf":0.005564496000000003,"DajMqwbJXA7JbqgU97zycA1zReQhmTqf1YjNNQjo6gCQ":1330335.23,"3A4Kx8hrHPgoAd4NFDZ91QXzFQzr5iTAEqGL5c3LkCbv":23323.8,"HEvnD66WcBfTajS9adUYnGRBMDehFtLySiFHSD6kEBWs":0.18028799999999995,"SHDWyBxihqiCj6YekG2GUr7wqKLeLAMK1gHZck9pL6y":1770.9671169259998,"3sbMDzGtyHAzJqzxE7DPdLMhrsxQASYoKLkHMYJPuWkp":20521,"FrG7YxkifmLq5oiULBMh4zBnNyoniNMWXatLfceJiFTX":80.3,"BWXrrYFhT7bMHmNBFoQFWdsSgA3yXoAnMhDK6Fn1eSEn":201.27040029900002,"HCgybxq5Upy8Mccihrp7EsmwwFqYZtrHrsmsKwtGXLgW":21.15314,"ErGB9xa24Szxbk1M28u2Tx8rKPqzL6BroNkkzk5rG4zj":344.2178575400001,"ASYi4aikR4dP2jWmpb575nHSW4hmPfUAiv1eidM9nzKU":185,"DKxkNu5PYoBEWiEZzD9hPsbga145AUZFfRCsieJQbGCP":0.0002599999999999997,"9tf8rBSEQYG7AqL896fN2nZi1iYPqpWaLEdpbeQaC1Vy":0.05108800000000001,"GWsZd8k85q2ie9SNycVSLeKkX7HLZfSsgx6Jdat9cjY1":64.24843009599999,"F8caiu7pwDYaK6S1BUtuxB9d5hicn7bQV5SMt9zPzog":81623,"8h6XXjJ6rAkjpbA8issHC1BrKbWry6D2vRzsUyWouXsn":265554.554,"boooCKXQn9YTK2aqN5pWftQeb9TH7cj7iUKuVCShWQx":2228.515102954,"EcQCUYv57C4V6RoPxkVUiDwtX1SP8y8FP5AEToYL8Az":5565.128087848001,"4jjQSgFx33DUb1a7pgPsi3FbtZXDQ94b6QywjNK3NtZw":0.024286999999999996,"JEFFSQ3s8T3wKsvp4tnRAsUBW7Cqgnf8ukBZC4C8XBm1":0.000067433,"8Yv9Jz4z7BUHP68dz8E8m3tMe6NKgpMUKn8KVqrPA6Fr":0.000134628,"4YweGGpSCnDrtPnSfgTT3XM61NmyKFwPaUEesivBjmRD":104382528.29999997,"GD4T6vk4gtmvNPB5FRfYzNfNVpSAhEJhWnuevBVfXTG":1408263.50336,"A96PoNcxa9LMxcF9HhKAfA1p3M1dGbubPMWf19gHAkgJ":3,"MLKmUCaj1dpBY881aFsrBwR9RUMoKic8SWT3u1q5Nkj":865.349448872,"2zzC22UBgJGCYPdFyo7GDwz7YHq5SozJc1nnBqLU8oZb":50,"3LDAW7enNUZ4DjE1jCi1cDpXvXLrJ1rPiECPbcHpMgG2":0.52,"BdZPG9xWrG3uFrx2KrUW1jT4tZ9VKPDWknYihzoPRJS3":0.11375729400000001,"4h41QKUkQPd2pCAFXNNgZUyGUxQ6E7fMexaZZHziCvhh":375.89780800000005,"WKNDwkcUfcohsqmiS1vYNrSCNDSJFaHWMxRnCmxCxFz":2487789.812078001,"SNSNkV9zfG5ZKWQs6x4hxvBRV6s8SqMfSGCtECDvdMd":49786.94933093802,"StepAscQoEioFxxWGnh2sLBDFp9d8rvKz2Yp39iDpyT":6917.233086291,"DTCLddnvdNmf3d7vy9VH7b6xiqnLaMuyVxseraXPXKd6":0.03727345,"orcaEKTdK7LKz57vaAYr9QeNsVEPfiu6QeMU1kektZE":567.335707,"n8Mpu28RjeYD7oUX3LG1tPxzhRZh3YYLRSHcHRdS3Zx":0.08545199999999999,"2uVjAuRXavpM6h1scGQaxqb6HVaNRn6T2X7HHXTabz25":0.10928,"9vMJfxuKxXBoEa7rM12mYLMwTacLMLDJqHozw96WQL8i":2736.569308000001,"6c13xsmyk7UaHUWZ2rm1MM3ZdrQRSBkQ9waaG25ridVs":0.027266999999999996,"J1KfRtP5y2warpD7LdJhfBLPKoWwSqYuovdArSv1mpQ7":0.006913,"GPyzPHuFFGvN4yWWixt6TYUtDG49gfMdFFi2iniTmCkh":8826753175.72,"E2VmbootbVCBkMNNxKQgCLMS1X3NoGMaYAsufaAsf7M":3.366122,"9WMwGcY6TcbSfy9XPpQymY3qNEsvEaYL3wivdwPG2fpp":902.0121379999998,"Lrxqnh6ZHKbGy3dcrCED43nsoLkM1LTzU2jRfWe8qUC":6738.469352,"8sfThep3io4gvcGeuoAg1Rs8GDwKJjtcdAFHqQSSNAVE":0.007461,"BvEj2MNMPsUrD4vSk7NHs4TtRcCcJd75Wx5HvVbY4rbK":15.137889475,"FZthQCuYHhcfiDma7QrX7buDHwrZEd7vL8SjS6LQa3Tx":0.07498900000000001,"FnKE9n6aGjQoNWRBZXy4RW6LZVao7qwBonUbiD7edUmZ":934.051266332,"GtQ1NT7R5aaTiST7K6ZWdMhwDdFxsSFvVFhBo8vyHGAq":0.094133,"5AhSi6qA1MnYcTGFJURfTebYdeWLyxsWYdvMfyLLizuG":12.360000000000001,"FoXyMu5xwXre7zEoSvzViRk3nGawHUp9kUh97y2NDhcq":15672,"DyT12z3tnUokpy18XdKXQNxsGmgUzAA67JUPpj6dBRtd":780.2399188060001,"HBhaqutsy6vgyuhD7RAStbGyxQ1UTg7GgFkQEY9u8t2H":32360,"Fq7XL97MWnbneVk4Tzr61BkL8LtEqRCZWruwhyswtnDw":0.5587380000000001,"7A4DPNz5rUZhHrAeRQ9C5yPivmVVnedJfTayYwrxCi7i":307000,